<html>
    <head>
        <meta charset="UTF-8">
            <title>Reporte De Laboratorio</title>
        </meta>
    </head>
    <table border="0" width="1200" cellpadding="0" align="center">
        <tbody>
            <tr>
                <td align="center">
                    Protocolo: [numero]
                </td>
            </tr>
            <table>
                <tr>
                    <td height="10" valign="top">
                        <img src="images/line-azul.gif" width="100%" height="1" alt="" />
                    </td>
                </tr>
            </table>
                    <tr>
                <td style="font-family: verdana; font-size: 12px;" width="33%">
                    Paciente:
                    <strong>[paciente]</strong>
                    <br />
                    Doctor:
                    <strong>[medico_nombre]</strong>
                    <br />
                    Origen:
                    <strong>[origen]</strong>
                    <br />
                    ID:
                    <strong>[id_consolidado]</strong>
                </td>
                <td style="font-size: 12px; font-family: verdana;" width="34%">
                    Cobertura:
                    <strong>[cobertura]</strong>
                    <br />
                    F. Nacimiento:
                    <strong>[fecha_nacimiento]</strong>
                    <br />
                    Edad:
                    <strong>[edad]</strong>
                    - Sexo:
                    <strong>[sexo]</strong>
                    <br />
                    Toma de Muestra:
                    <strong>[fecha_extraccion]</strong>
                </td>
                <td style="font-family: verdana; font-size: 12px;" width="33%">
                    Sector:
                    <strong>[int_sector]</strong>
                    <br />
                    Habitaci&oacute;n:
                    <strong>[int_habitacion]</strong>
                    <br />
                    Cama:
                    <strong>[int_cama]</strong>
                    <br />
                    Fecha Impresi&oacute;n:
                    <strong>[fecha_impresion]</strong>
                </td>
            </tr>
        </tbody>
        </table>
        <table>
            <tr>
                <td height="10" valign="top">
                    <img src="images/line-azul.gif" width="100%" height="1" alt="" />
                </td>
            </tr>
        </table>
        </body>
</html>   